{
  "k": 10,
  "counts": {
    "train_rows": 7368,
    "test_rows": 6651,
    "items_rows": 2798,
    "users_evaluated": 6651
  },
  "baselines": {
    "popularity": {
      "precision_at_k": 0.008976093820478124,
      "recall_at_k": 0.08976093820478123,
      "ndcg_at_k": 0.04397847620507364,
      "catalog_coverage": 0.004288777698355968,
      "simple_diversity": 0.0,
      "policy_blocked_rate": 0.0,
      "policy_demoted_rate": 0.0
    },
    "content_category": {
      "precision_at_k": 0.008976093820478124,
      "recall_at_k": 0.08976093820478123,
      "ndcg_at_k": 0.04397847620507364,
      "catalog_coverage": 0.004288777698355968,
      "simple_diversity": 0.0,
      "policy_blocked_rate": 0.0,
      "policy_demoted_rate": 0.0
    }
  }
}